index,name,score,mean,variance,unique_values
0,D_psd_Fp,0.3572845287585135,4.2116299825168463e-16,1.0,1046
1,D_psd_LF,0.26307970214909493,-1.2838678495091677e-15,1.0,1046
2,D_psd_MF,0.22065007236203296,-1.9495771048102176e-15,0.9999999999999998,1046
3,D_psd_RF,0.2792756642160875,4.39503967530387e-15,1.0000000000000002,1046
4,D_psd_LT,0.31523410072261193,2.309603538799561e-16,1.0,1046
5,D_psd_RT,0.30302689448233316,2.7443524402206547e-15,1.0,1046
6,D_psd_LC,0.2324913944692212,-2.920969181422974e-16,1.0,1046
7,D_psd_MC,0.1851553275937898,-2.037885475411377e-16,1.0,1046
8,D_psd_RC,0.26730119951498776,-1.0053568345362794e-15,1.0000000000000002,1046
9,D_psd_LP,0.18480624023659495,-6.147621184157654e-16,1.0,1046
10,D_psd_MP,0.1870760314129157,-4.075770950822754e-16,0.9999999999999998,1046
11,D_psd_RP,0.28761001534228786,1.1412158662303712e-15,1.0,1046
12,D_psd_LO,0.2402554714287949,2.6730264485812564e-15,1.0,1046
13,D_psd_MO,0.4166847897727624,-2.5269779895101078e-15,1.0,1046
14,D_psd_RO,0.1715678151647301,-1.2159383336621218e-15,1.0,1046
15,T_psd_Fp,0.9557128913569382,-2.6390616906577333e-15,1.0,1046
16,T_psd_LF,0.9300757019326424,1.575964767651465e-15,1.0,1046
17,T_psd_MF,0.897355030370172,3.369303986013477e-15,1.0,1046
18,T_psd_RF,1.1711269104921385,3.2606167606582037e-16,1.0,1046
19,T_psd_LT,0.3862507288065822,-1.49444934863501e-16,1.0,1046
20,T_psd_RT,0.683805598430033,3.369303986013477e-15,0.9999999999999998,1046
21,T_psd_LC,0.8451096027712957,-4.673550690276759e-15,1.0,1046
22,T_psd_MC,0.8012152920001008,-2.4454625704936526e-16,1.0,1046
23,T_psd_RC,0.553563473856556,-2.377533054646607e-15,1.0,1046
24,T_psd_LP,1.02555335672776,-2.7171806338818362e-17,1.0000000000000002,1046
25,T_psd_MP,1.089950775606953,-3.1926872448111577e-15,1.0,1046
26,T_psd_RP,0.9755946475171067,-1.6574801866679202e-15,0.9999999999999996,1046
27,T_psd_LO,1.1618347409961365,1.0053568345362794e-15,0.9999999999999998,1046
28,T_psd_MO,1.14536898889507,-3.0160705036088383e-15,1.0000000000000002,1046
29,T_psd_RO,0.7428906975715703,8.423259965033693e-16,1.0,1046
30,A_psd_Fp,1.0443230060300674,-2.309603538799561e-15,1.0,1046
31,A_psd_LF,1.039273694432503,3.3421321796746585e-15,1.0,1046
32,A_psd_MF,0.8253737708781781,-4.211629982516846e-15,1.0000000000000002,1046
33,A_psd_RF,1.1803755228733293,2.1194008944278324e-15,1.0,1046
34,A_psd_LT,0.6752127477017551,2.622079311695972e-15,1.0,1046
35,A_psd_RT,0.7865768476180376,3.967083725467481e-15,0.9999999999999998,1046
36,A_psd_LC,0.9379870562033135,-3.967083725467481e-15,1.0,1046
37,A_psd_MC,0.8402250426042218,-3.1247577289641116e-15,1.0000000000000002,1046
38,A_psd_RC,0.6252262489564071,-1.6846519930067385e-15,1.0,1046
39,A_psd_LP,1.0592858856240162,1.3042467042632815e-15,1.0,1046
40,A_psd_MP,1.203871796296618,1.1683876725691897e-15,1.0,1046
41,A_psd_RP,0.981758080805687,1.847682831039649e-15,1.0,1046
42,A_psd_LO,1.164873937218745,3.2334449543193852e-15,1.0000000000000002,1046
43,A_psd_MO,1.1970719558774807,-4.890925140987305e-16,1.0,1046
44,A_psd_RO,0.8415207145333183,4.293145401533301e-15,1.0,1046
45,B_psd_Fp,0.3636079890692152,-1.2499030915856446e-15,1.0,1046
46,B_psd_LF,0.5433092574650494,3.1247577289641116e-15,1.0,1046
47,B_psd_MF,0.5184005121939531,2.2416740229525147e-15,1.0,1046
48,B_psd_RF,1.130003132435021,-2.2824317324607423e-15,0.9999999999999998,1046
49,B_psd_LT,0.46155279001752747,-2.934555084592383e-15,1.0,1046
50,B_psd_RT,0.5851543994930325,-3.98066962863689e-15,1.0000000000000002,1046
51,B_psd_LC,0.5836802100918336,-1.0053568345362794e-15,1.0000000000000002,1046
52,B_psd_MC,0.5212779485513265,5.909867878692994e-15,1.0,1046
53,B_psd_RC,0.6939289611898645,2.2009163134442876e-15,1.0,1046
54,B_psd_LP,0.8111010795328693,2.4318766673242436e-15,1.0000000000000002,1046
55,B_psd_MP,0.888334033132663,-3.831224693773389e-15,1.0000000000000002,1046
56,B_psd_RP,0.8267010054096978,-3.301374470166431e-15,1.0000000000000002,1046
57,B_psd_LO,0.8178228275072762,-2.4998061831712893e-15,1.0000000000000002,1046
58,B_psd_MO,0.8734763575856573,-1.5216211549738284e-15,1.0,1046
59,B_psd_RO,0.6124714012700496,-6.249515457928223e-16,1.0000000000000002,1046
60,G_psd_Fp,0.25691992583072215,-5.56342734787306e-15,1.0,1046
61,G_psd_LF,0.3849701982716683,7.526590355852686e-15,1.0,1046
62,G_psd_MF,0.9357956229309395,-5.869110169184766e-15,1.0000000000000002,1046
63,G_psd_RF,1.4608609216031687,-1.3042467042632815e-15,0.9999999999999998,1046
64,G_psd_LT,0.702989395967248,3.5323348240463873e-15,1.0,1046
65,G_psd_RT,1.0875125973562638,6.4668899086387705e-15,1.0,1046
66,G_psd_LC,0.5369597984747421,1.7389956056843752e-15,1.0,1046
67,G_psd_MC,0.514582796478004,-1.2499030915856446e-15,1.0,1046
68,G_psd_RC,1.2660584081463793,5.4343612677636724e-17,1.0,1046
69,G_psd_LP,0.43329114187120477,1.9020264437172855e-15,0.9999999999999998,1046
70,G_psd_MP,0.49685269500536006,4.347489014210938e-16,1.0,1046
71,G_psd_RP,0.4955388809201658,7.47224674317505e-15,0.9999999999999996,1046
72,G_psd_LO,0.20251376879019156,-8.287400933339601e-15,1.0000000000000002,1046
73,G_psd_MO,0.602894798984801,7.064669648092775e-16,1.0000000000000002,1046
74,G_psd_RO,0.17167923911251678,-5.420775364594263e-15,1.0000000000000002,1046
75,T_D_psd_Fp,0.4370167063492621,0.0,1.0,1046
76,A_D_psd_Fp,0.7485964916676159,5.4343612677636724e-17,1.0,1046
77,A_T_psd_Fp,1.0685440369421633,-4.890925140987305e-16,1.0,1046
78,A_DT_psd_Fp,0.7197983523063394,1.0868722535527345e-16,1.0,1046
79,B_D_psd_Fp,0.4885243151667518,-1.3585903169409181e-17,1.0000000000000004,1046
80,B_T_psd_Fp,0.6720650775460584,-1.2227312852468263e-16,0.9999999999999998,1046
81,B_A_psd_Fp,0.8511054911332621,-2.173744507105469e-16,1.0,1046
82,B_DT_psd_Fp,0.520258827763428,3.9399119191286626e-16,1.0,1046
83,B_TA_psd_Fp,0.6503736365709454,2.7171806338818363e-16,1.0,1046
84,G_D_psd_Fp,0.5264624128634878,-2.98889869727002e-16,1.0,1046
85,G_T_psd_Fp,0.7559885093010476,-3.3964757923522954e-17,1.0,1046
86,G_A_psd_Fp,0.9774255707535298,-9.510132218586428e-17,1.0,1046
87,G_B_psd_Fp,0.25437010993434733,-8.151541901645509e-17,1.0,1046
88,G_DT_psd_Fp,0.524273970872706,4.2116299825168463e-16,0.9999999999999998,1046
89,G_TA_psd_Fp,0.829911464197568,-3.2606167606582037e-16,1.0,1046
90,G_AB_psd_Fp,0.9541168961376401,-1.49444934863501e-16,1.0,1046
91,T_D_psd_LF,0.27494217856737296,-2.7171806338818362e-17,1.0,1046
92,A_D_psd_LF,0.4275494094015102,-8.151541901645509e-17,1.0000000000000002,1046
93,A_T_psd_LF,0.8960462343229566,-6.113656426234132e-16,1.0000000000000002,1046
94,A_DT_psd_LF,0.32722331963223245,1.3585903169409181e-17,1.0,1046
95,B_D_psd_LF,0.2030777088906024,2.4454625704936526e-16,0.9999999999999998,1046
96,B_T_psd_LF,0.4369891593086608,-2.98889869727002e-16,1.0000000000000002,1046
97,B_A_psd_LF,0.6893838473112074,-5.4343612677636724e-17,1.0,1046
98,B_DT_psd_LF,0.15289497156729914,9.645991250280518e-16,1.0,1046
99,B_TA_psd_LF,0.5536011736040205,-3.2606167606582037e-16,1.0000000000000004,1046
100,G_D_psd_LF,0.3371770084101238,9.510132218586428e-17,1.0,1046
101,G_T_psd_LF,0.6904216860408262,1.9699559595643313e-16,1.0,1046
102,G_A_psd_LF,0.8600324100911454,3.3964757923522953e-16,1.0,1046
103,G_B_psd_LF,0.28538871556330575,-1.0868722535527345e-16,1.0,1046
104,G_DT_psd_LF,0.34245898199009595,5.4343612677636724e-17,1.0,1046
105,G_TA_psd_LF,0.814021865759006,-4.687136593446167e-16,1.0,1046
106,G_AB_psd_LF,0.8562343389649197,5.97779739454004e-16,1.0,1046
107,T_D_psd_MF,0.20400836201884523,0.0,1.0,1046
108,A_D_psd_MF,0.2817602169699345,0.0,1.0,1046
109,A_T_psd_MF,0.8055830175722196,-6.249515457928223e-16,1.0,1046
110,A_DT_psd_MF,0.2873964944940351,2.98889869727002e-16,1.0,1046
111,B_D_psd_MF,0.22420115540931154,6.792951584704591e-17,1.0,1046
112,B_T_psd_MF,0.40999945939392374,1.3585903169409181e-17,1.0,1046
113,B_A_psd_MF,0.4867471725617351,-3.2606167606582037e-16,0.9999999999999996,1046
114,B_DT_psd_MF,0.3250532814340093,-9.510132218586428e-17,1.0,1046
115,B_TA_psd_MF,0.45053797333602386,-4.075770950822754e-16,0.9999999999999996,1046
116,G_D_psd_MF,0.350630428507859,5.162643204375489e-16,1.0,1046
117,G_T_psd_MF,0.6915247060526006,-2.4454625704936526e-16,1.0000000000000002,1046
118,G_A_psd_MF,0.8010067324015804,-5.230572720222535e-16,1.0,1046
119,G_B_psd_MF,0.4208856754706601,5.4343612677636724e-17,1.0,1046
120,G_DT_psd_MF,0.5421489348929187,-2.98889869727002e-16,1.0,1046
121,G_TA_psd_MF,0.7910586744835076,-1.2023524304927125e-15,1.0000000000000002,1046
122,G_AB_psd_MF,0.7489744585919922,-9.374273186892335e-16,1.0,1046
123,T_D_psd_RF,0.3137332056525836,1.3585903169409181e-17,1.0,1046
124,A_D_psd_RF,0.4283002358077385,-9.510132218586428e-17,1.0,1046
125,A_T_psd_RF,0.6070407097498747,-8.151541901645509e-17,1.0,1046
126,A_DT_psd_RF,0.4659662188217683,-1.2227312852468263e-16,1.0,1046
127,B_D_psd_RF,0.6917556298630585,-1.3585903169409182e-16,1.0,1046
128,B_T_psd_RF,0.9752191112913494,5.4343612677636724e-17,0.9999999999999998,1046
129,B_A_psd_RF,0.8776846216877554,0.0,1.0,1046
130,B_DT_psd_RF,0.856904432447693,4.890925140987305e-16,1.0,1046
131,B_TA_psd_RF,0.879129770217662,-8.151541901645509e-17,1.0,1046
132,G_D_psd_RF,1.1016652493004035,2.173744507105469e-16,1.0,1046
133,G_T_psd_RF,1.2240238876985552,5.4343612677636724e-17,1.0,1046
134,G_A_psd_RF,1.1185036022665855,-3.2606167606582037e-16,1.0,1046
135,G_B_psd_RF,1.097361015149206,-5.4343612677636724e-17,1.0,1046
136,G_DT_psd_RF,1.2149315888892538,-1.6303083803291018e-16,1.0000000000000002,1046
137,G_TA_psd_RF,1.1755174102994375,2.173744507105469e-16,1.0,1046
138,G_AB_psd_RF,1.109814941115543,1.0868722535527345e-16,1.0000000000000002,1046
139,T_D_psd_LT,0.23132499789064118,2.7171806338818362e-17,1.0000000000000002,1046
140,A_D_psd_LT,0.31747033815810977,2.7171806338818362e-17,0.9999999999999998,1046
141,A_T_psd_LT,0.4524968539707172,1.3585903169409181e-17,1.0,1046
142,A_DT_psd_LT,0.700946277866635,-2.173744507105469e-16,1.0,1046
143,B_D_psd_LT,0.2976225590683676,1.3585903169409181e-17,1.0,1046
144,B_T_psd_LT,0.6219950511332403,-5.706079331151856e-16,1.0000000000000002,1046
145,B_A_psd_LT,0.3811883265214283,-6.113656426234132e-17,1.0,1046
146,B_DT_psd_LT,0.29619023558081825,2.5813216021877447e-16,1.0,1046
147,B_TA_psd_LT,0.6197837313158103,-1.0868722535527345e-16,1.0,1046
148,G_D_psd_LT,0.4604037035070959,-2.7171806338818362e-17,1.0,1046
149,G_T_psd_LT,0.5639256814711565,-1.0868722535527345e-16,1.0,1046
150,G_A_psd_LT,0.5369171090628834,-4.890925140987305e-16,1.0,1046
151,G_B_psd_LT,0.1855231632488705,2.7171806338818362e-17,1.0,1046
152,G_DT_psd_LT,0.41802435019895307,-7.336387711480958e-16,1.0,1046
153,G_TA_psd_LT,0.5383891695627336,0.0,0.9999999999999998,1046
154,G_AB_psd_LT,0.45660416822534217,-3.804052887434571e-16,1.0000000000000002,1046
155,T_D_psd_RT,0.3120129779054874,-2.7171806338818362e-17,1.0,1046
156,A_D_psd_RT,0.3266657751891807,-5.4343612677636724e-17,1.0,1046
157,A_T_psd_RT,0.8489111338610789,-6.249515457928223e-16,1.0000000000000002,1046
158,A_DT_psd_RT,0.29471428391437826,2.173744507105469e-16,1.0,1046
159,B_D_psd_RT,0.33005510362344037,6.792951584704591e-17,1.0,1046
160,B_T_psd_RT,0.43339565955073844,-4.619207077599122e-16,1.0,1046
161,B_A_psd_RT,0.5016314494398956,-8.151541901645509e-17,0.9999999999999998,1046
162,B_DT_psd_RT,0.4997815858577369,2.5813216021877447e-16,1.0000000000000002,1046
163,B_TA_psd_RT,0.47435646604447995,-1.0868722535527345e-16,1.0,1046
164,G_D_psd_RT,0.5711153166231587,-5.4343612677636724e-17,1.0,1046
165,G_T_psd_RT,0.7044503878693138,2.7171806338818362e-17,1.0,1046
166,G_A_psd_RT,0.7862710510189204,-2.309603538799561e-16,1.0000000000000002,1046
167,G_B_psd_RT,0.4781919416813996,1.0868722535527345e-16,0.9999999999999998,1046
168,G_DT_psd_RT,0.7334916847977364,-4.075770950822754e-16,1.0,1046
169,G_TA_psd_RT,0.6724642352402941,-2.7171806338818363e-16,1.0,1046
170,G_AB_psd_RT,0.7078439495268088,-2.173744507105469e-16,1.0,1046
171,T_D_psd_LC,0.17558292522942107,0.0,1.0,1046
172,A_D_psd_LC,0.1720050179862262,1.0868722535527345e-16,1.0,1046
173,A_T_psd_LC,0.3483279151409134,-1.3585903169409181e-17,1.0,1046
174,A_DT_psd_LC,0.2962143508312148,1.0868722535527345e-16,1.0,1046
175,B_D_psd_LC,0.1962157854633363,-8.151541901645509e-17,1.0,1046
176,B_T_psd_LC,0.36926428033955233,-2.173744507105469e-16,1.0,1046
177,B_A_psd_LC,0.3709659865836668,4.0757709508227546e-17,1.0,1046
178,B_DT_psd_LC,0.20727302537569922,-4.2116299825168463e-16,0.9999999999999998,1046
179,B_TA_psd_LC,0.40123210642853874,2.853039665575928e-16,1.0,1046
180,G_D_psd_LC,0.2511979108362084,-2.7171806338818362e-17,1.0,1046
181,G_T_psd_LC,0.5324561615315897,-7.743964806563234e-16,1.0000000000000002,1046
182,G_A_psd_LC,0.764236357960965,-4.687136593446167e-16,1.0,1046
183,G_B_psd_LC,0.4520645208881137,-2.309603538799561e-16,1.0,1046
184,G_DT_psd_LC,0.19151497270226517,1.6303083803291018e-16,1.0,1046
185,G_TA_psd_LC,0.584219759039396,-3.1247577289641116e-16,1.0000000000000002,1046
186,G_AB_psd_LC,0.7410720830023754,-1.426519832787964e-16,0.9999999999999998,1046
187,T_D_psd_MC,0.1598001606710529,-5.4343612677636724e-17,1.0,1046
188,A_D_psd_MC,0.14960405393780263,-2.7171806338818362e-17,1.0000000000000002,1046
189,A_T_psd_MC,0.4597303316149763,-6.7929515847045905e-16,1.0,1046
190,A_DT_psd_MC,0.27462712286771257,-1.0868722535527345e-16,0.9999999999999998,1046
191,B_D_psd_MC,0.1859865792329534,-2.4454625704936526e-16,1.0,1046
192,B_T_psd_MC,0.7410519880974741,-1.49444934863501e-16,1.0,1046
193,B_A_psd_MC,0.7897349309859444,1.9020264437172855e-16,1.0,1046
194,B_DT_psd_MC,0.29081852280449416,1.3585903169409182e-16,0.9999999999999998,1046
195,B_TA_psd_MC,0.7153405723742049,3.668193855740479e-16,1.0,1046
196,G_D_psd_MC,0.19865324176728033,-6.521233521316407e-16,1.0000000000000004,1046
197,G_T_psd_MC,0.7450351150586478,-4.483348045905029e-16,1.0,1046
198,G_A_psd_MC,0.7160557798759393,-1.3585903169409182e-16,1.0,1046
199,G_B_psd_MC,0.3532340793207817,4.755066109293214e-17,1.0,1046
200,G_DT_psd_MC,0.31376153216400676,2.7171806338818362e-17,1.0,1046
201,G_TA_psd_MC,0.7690701248658725,-6.249515457928223e-16,0.9999999999999998,1046
202,G_AB_psd_MC,0.7186487855344591,8.151541901645509e-17,0.9999999999999998,1046
203,T_D_psd_RC,0.2320267888468739,8.151541901645509e-17,1.0,1046
204,A_D_psd_RC,0.22281133064368153,1.3585903169409181e-17,1.0,1046
205,A_T_psd_RC,0.5525256858540485,-3.5323348240463873e-16,1.0,1046
206,A_DT_psd_RC,0.4755369021066685,9.510132218586428e-17,1.0000000000000002,1046
207,B_D_psd_RC,0.4636860131608656,-2.7171806338818362e-17,0.9999999999999998,1046
208,B_T_psd_RC,0.5713014652055742,2.98889869727002e-16,1.0,1046
209,B_A_psd_RC,0.4748999778394556,3.3964757923522953e-16,1.0000000000000002,1046
210,B_DT_psd_RC,0.5465026803930902,0.0,1.0,1046
211,B_TA_psd_RC,0.6379650751872541,4.755066109293214e-16,1.0000000000000002,1046
212,G_D_psd_RC,0.8008744091965291,-2.7171806338818362e-17,1.0000000000000002,1046
213,G_T_psd_RC,1.0244138972059607,-1.6303083803291018e-16,0.9999999999999998,1046
214,G_A_psd_RC,0.8677689115421562,-2.7171806338818362e-17,1.0,1046
215,G_B_psd_RC,0.7577945487822991,0.0,1.0,1046
216,G_DT_psd_RC,0.9111480963583634,-7.064669648092775e-16,0.9999999999999998,1046
217,G_TA_psd_RC,0.999531141250014,-1.6303083803291018e-16,0.9999999999999998,1046
218,G_AB_psd_RC,0.8641949687746783,-3.2606167606582037e-16,1.0,1046
219,T_D_psd_LP,0.20024089128721603,5.4343612677636724e-17,1.0000000000000002,1046
220,A_D_psd_LP,0.25020254663471736,4.755066109293214e-17,1.0,1046
221,A_T_psd_LP,0.5937941914948761,3.804052887434571e-16,1.0000000000000002,1046
222,A_DT_psd_LP,0.3413682941538104,4.0757709508227546e-17,0.9999999999999998,1046
223,B_D_psd_LP,0.17706235543912552,2.173744507105469e-16,1.0,1046
224,B_T_psd_LP,0.2692939589170638,-2.7171806338818362e-17,0.9999999999999996,1046
225,B_A_psd_LP,0.5289020465319433,-4.619207077599122e-16,1.0,1046
226,B_DT_psd_LP,0.19345263811850175,3.3964757923522953e-16,0.9999999999999998,1046
227,B_TA_psd_LP,0.381188668643476,-3.804052887434571e-16,1.0,1046
228,G_D_psd_LP,0.1512835301966347,4.1437004666698005e-16,1.0000000000000002,1046
229,G_T_psd_LP,0.7572823561290811,-2.7511453918053594e-16,0.9999999999999996,1046
230,G_A_psd_LP,0.9152973274576338,-8.151541901645509e-17,1.0,1046
231,G_B_psd_LP,0.6114797195244667,-3.600264339893433e-16,1.0,1046
232,G_DT_psd_LP,0.29037861022034084,1.3585903169409182e-16,1.0,1046
233,G_TA_psd_LP,0.8637322355755173,7.166563921863344e-16,1.0,1046
234,G_AB_psd_LP,0.9071552578363098,1.8340969278702395e-16,1.0,1046
235,T_D_psd_MP,0.4355434856253505,1.3585903169409181e-17,1.0,1046
236,A_D_psd_MP,0.4460721721348855,2.7171806338818362e-17,0.9999999999999998,1046
237,A_T_psd_MP,0.5013607546628275,3.1247577289641116e-16,1.0,1046
238,A_DT_psd_MP,0.5744287597844333,0.0,1.0000000000000002,1046
239,B_D_psd_MP,0.3244022292560649,-2.309603538799561e-16,1.0000000000000002,1046
240,B_T_psd_MP,0.41159745637780176,2.0378854754113773e-17,1.0,1046
241,B_A_psd_MP,0.6044251892563394,-4.619207077599122e-16,1.0,1046
242,B_DT_psd_MP,0.2701814896469812,4.347489014210938e-16,1.0,1046
243,B_TA_psd_MP,0.5425900005106921,6.792951584704591e-17,1.0000000000000004,1046
244,G_D_psd_MP,0.146977836676751,-1.3585903169409182e-16,1.0,1046
245,G_T_psd_MP,0.7936526877157606,6.385374489622316e-16,1.0000000000000002,1046
246,G_A_psd_MP,0.8610777502550806,-2.309603538799561e-16,1.0000000000000004,1046
247,G_B_psd_MP,0.49813334003479115,1.9020264437172855e-16,1.0,1046
248,G_DT_psd_MP,0.17155818425549826,-3.464405308199341e-16,1.0,1046
249,G_TA_psd_MP,0.7711216963671512,1.3585903169409182e-16,1.0,1046
250,G_AB_psd_MP,0.8826482932424187,4.0757709508227546e-17,1.0,1046
251,T_D_psd_RP,0.22567126339182833,-3.3964757923522954e-17,1.0,1046
252,A_D_psd_RP,0.3340578667605477,-2.7171806338818362e-17,1.0,1046
253,A_T_psd_RP,0.7392076868993548,3.464405308199341e-16,1.0,1046
254,A_DT_psd_RP,0.35250638456467637,4.755066109293214e-17,0.9999999999999998,1046
255,B_D_psd_RP,0.26126552910138057,-1.5623788644820558e-16,1.0,1046
256,B_T_psd_RP,0.39526846392456,-2.173744507105469e-16,1.0000000000000002,1046
257,B_A_psd_RP,0.5378115125028988,2.7171806338818362e-17,0.9999999999999998,1046
258,B_DT_psd_RP,0.3002924582011512,-1.0868722535527345e-16,1.0,1046
259,B_TA_psd_RP,0.4510330902270811,4.619207077599122e-16,1.0,1046
260,G_D_psd_RP,0.2742103581640022,-2.0039207174878542e-16,1.0000000000000002,1046
261,G_T_psd_RP,0.8184272673384321,3.3964757923522953e-16,0.9999999999999998,1046
262,G_A_psd_RP,0.8550980369647068,-9.510132218586428e-17,1.0,1046
263,G_B_psd_RP,0.4401180826796859,3.1587224868876347e-16,0.9999999999999998,1046
264,G_DT_psd_RP,0.29938080653288424,-1.6982378961761476e-16,0.9999999999999998,1046
265,G_TA_psd_RP,0.8430188112416794,2.98889869727002e-16,1.0,1046
266,G_AB_psd_RP,0.8538753715245895,1.7661674120231937e-16,1.0000000000000002,1046
267,T_D_psd_LO,0.35662015839647354,2.7171806338818362e-17,0.9999999999999998,1046
268,A_D_psd_LO,0.5144488832489137,2.7171806338818362e-17,0.9999999999999998,1046
269,A_T_psd_LO,0.8323239694283633,-4.619207077599122e-16,0.9999999999999998,1046
270,A_DT_psd_LO,0.4311459427327307,-2.7171806338818362e-17,1.0000000000000002,1046
271,B_D_psd_LO,0.2782612828486496,8.151541901645509e-17,1.0,1046
272,B_T_psd_LO,0.6478879506882799,-2.7171806338818362e-17,1.0,1046
273,B_A_psd_LO,0.8512895061172434,-5.4343612677636724e-17,1.0000000000000002,1046
274,B_DT_psd_LO,0.18923457781819514,3.5323348240463873e-16,1.0,1046
275,B_TA_psd_LO,0.7372915026733693,-6.7929515847045905e-16,1.0,1046
276,G_D_psd_LO,0.2614708443597822,-8.491189480880738e-18,1.0,1046
277,G_T_psd_LO,1.1364051786556784,3.2606167606582037e-16,0.9999999999999998,1046
278,G_A_psd_LO,1.0353734214734298,-1.0868722535527345e-16,1.0,1046
279,G_B_psd_LO,0.6502288012730993,-1.8340969278702395e-16,1.0,1046
280,G_DT_psd_LO,0.49292188227036837,1.4401057359573733e-15,1.0000000000000004,1046
281,G_TA_psd_LO,1.0255990201389091,4.890925140987305e-16,0.9999999999999998,1046
282,G_AB_psd_LO,1.071854709609118,4.619207077599122e-16,1.0,1046
283,T_D_psd_MO,0.35920401755907233,5.4343612677636724e-17,1.0,1046
284,A_D_psd_MO,0.5761967687618194,2.7171806338818362e-17,1.0,1046
285,A_T_psd_MO,1.0327773061367767,-7.811894322410279e-16,0.9999999999999998,1046
286,A_DT_psd_MO,0.7440477115514126,-1.2227312852468263e-16,1.0,1046
287,B_D_psd_MO,0.46502714095955794,-2.920969181422974e-16,0.9999999999999998,1046
288,B_T_psd_MO,0.40941975545696985,1.3585903169409182e-16,1.0,1046
289,B_A_psd_MO,0.8460447206766084,7.064669648092775e-16,0.9999999999999998,1046
290,B_DT_psd_MO,0.3316029315958112,-8.62704851257483e-16,1.0,1046
291,B_TA_psd_MO,0.6008450655020511,-8.151541901645509e-17,1.0,1046
292,G_D_psd_MO,0.40985716155658697,2.5813216021877447e-16,1.0,1046
293,G_T_psd_MO,0.8725829629505343,-9.238414155198244e-16,1.0000000000000002,1046
294,G_A_psd_MO,1.1420693281548755,1.3585903169409182e-16,1.0,1046
295,G_B_psd_MO,0.6276261870151556,3.056828213117066e-16,1.0,1046
296,G_DT_psd_MO,0.4290542649251656,-5.97779739454004e-16,1.0,1046
297,G_TA_psd_MO,0.9188427813251289,7.336387711480958e-16,1.0,1046
298,G_AB_psd_MO,1.138662306351448,5.4343612677636724e-17,1.0,1046
299,T_D_psd_RO,0.2155807467492173,1.3585903169409181e-17,1.0,1046
300,A_D_psd_RO,0.29218838977191885,9.510132218586428e-17,1.0,1046
301,A_T_psd_RO,0.6785599987407409,-6.521233521316407e-16,1.0,1046
302,A_DT_psd_RO,0.3599876042111726,1.3585903169409181e-17,1.0,1046
303,B_D_psd_RO,0.2557353275976435,8.830837060115968e-17,1.0,1046
304,B_T_psd_RO,0.37085196519896946,1.0868722535527345e-16,1.0,1046
305,B_A_psd_RO,0.6289779302190516,4.347489014210938e-16,1.0,1046
306,B_DT_psd_RO,0.13222254453064292,-1.0868722535527345e-16,1.0,1046
307,B_TA_psd_RO,0.47146532933392005,-6.521233521316407e-16,1.0,1046
308,G_D_psd_RO,0.23695897144263633,-1.1548017693997805e-16,1.0,1046
309,G_T_psd_RO,0.7706724185902087,-3.804052887434571e-16,1.0,1046
310,G_A_psd_RO,0.9810676944772981,-8.151541901645509e-17,1.0,1046
311,G_B_psd_RO,0.5013026300755813,-2.173744507105469e-16,1.0,1046
312,G_DT_psd_RO,0.16340534752485802,3.600264339893433e-16,1.0000000000000002,1046
313,G_TA_psd_RO,0.8963006759379482,-9.510132218586427e-16,0.9999999999999998,1046
314,G_AB_psd_RO,1.0138870350373408,-1.0868722535527345e-16,1.0000000000000002,1046
315,D_coh_Fp_06,0.3912832113421539,2.98889869727002e-16,1.0,68
316,D_coh_Fp_07,0.6711518783687154,-2.7171806338818362e-17,1.0,51
317,D_coh_Fp_08,0.8077479378622463,-1.0868722535527345e-16,1.0,31
318,D_coh_LF_06,0.540313428834462,4.0757709508227546e-17,1.0000000000000002,107
319,D_coh_LF_07,0.6028883442403257,-2.7171806338818362e-17,1.0,90
320,D_coh_LF_08,0.5646995153784864,6.792951584704591e-17,1.0,62
321,D_coh_MF_06,0.43818703680483795,1.9020264437172855e-16,1.0,70
322,D_coh_MF_07,0.4572281624399011,5.4343612677636724e-17,1.0,67
323,D_coh_MF_08,0.4026993647847726,-8.151541901645509e-17,1.0,60
324,D_coh_RF_06,0.639535502801375,8.151541901645509e-17,0.9999999999999996,113
325,D_coh_RF_07,0.5956912635963193,-2.7171806338818362e-17,1.0,94
326,D_coh_RF_08,0.39449972938658223,-2.7171806338818362e-17,1.0000000000000002,66
327,D_coh_LT_06,0.44003999240411734,5.4343612677636724e-17,1.0,92
328,D_coh_LT_07,0.5025002722136718,5.4343612677636724e-17,1.0,79
329,D_coh_LT_08,0.5950227801556771,8.151541901645509e-17,1.0,59
330,D_coh_RT_06,0.5191361131642481,-2.0378854754113773e-17,1.0,95
331,D_coh_RT_07,0.5884916598616096,1.3585903169409181e-17,1.0,78
332,D_coh_RT_08,0.6029388284923526,-2.0378854754113773e-17,1.0,60
333,D_coh_LC_06,0.2692947500518044,1.9020264437172855e-16,1.0000000000000002,123
334,D_coh_LC_07,0.26814729013031974,-5.4343612677636724e-17,1.0,113
335,D_coh_LC_08,0.35376889450376797,1.6303083803291018e-16,1.0000000000000002,91
336,D_coh_MC_06,0.34778002628417515,-8.151541901645509e-17,1.0,136
337,D_coh_MC_07,0.38245929223435093,0.0,1.0,128
338,D_coh_MC_08,0.4163266001111198,-1.2227312852468263e-16,0.9999999999999998,114
339,D_coh_RC_06,0.5493295989093833,-5.4343612677636724e-17,1.0,122
340,D_coh_RC_07,0.799251120736623,-1.0868722535527345e-16,1.0,102
341,D_coh_RC_08,0.8258764573392039,8.151541901645509e-17,1.0000000000000002,70
342,D_coh_LP_06,0.39160417297246025,2.173744507105469e-16,1.0,129
343,D_coh_LP_07,0.40001675691801164,3.668193855740479e-16,1.0,123
344,D_coh_LP_08,0.42085202174496944,0.0,1.0,107
345,D_coh_MP_06,0.41190399830897967,-1.3585903169409182e-16,0.9999999999999996,102
346,D_coh_MP_07,0.3899225962192289,1.2227312852468263e-16,1.0000000000000002,98
347,D_coh_MP_08,0.4057688148821458,5.4343612677636724e-17,0.9999999999999998,86
348,D_coh_RP_06,0.6943591144593293,4.0757709508227546e-17,1.0000000000000002,127
349,D_coh_RP_07,0.7271939596109428,-5.4343612677636724e-17,1.0,114
350,D_coh_RP_08,0.4124847269613802,-8.151541901645509e-17,1.0,87
351,D_coh_LO_06,0.7141317292918751,-1.6303083803291018e-16,1.0,101
352,D_coh_LO_07,0.676096362136381,6.792951584704591e-17,1.0000000000000002,87
353,D_coh_LO_08,0.665568838935199,-2.173744507105469e-16,1.0000000000000002,65
354,D_coh_MO_06,0.564452624623029,0.0,1.0,87
355,D_coh_MO_07,0.5166506277771397,5.4343612677636724e-17,1.0,66
356,D_coh_MO_08,0.834533300204262,2.7171806338818362e-17,1.0,44
357,D_coh_RO_06,0.35206063027799267,3.5323348240463873e-16,1.0000000000000002,100
358,D_coh_RO_07,0.3271653156100785,-6.792951584704591e-17,1.0,93
359,D_coh_RO_08,0.48240609907195314,1.9020264437172855e-16,1.0,84
360,T_coh_Fp_06,0.8687511635538816,6.792951584704591e-17,1.0,90
361,T_coh_Fp_07,0.944925334212371,8.151541901645509e-17,1.0,86
362,T_coh_Fp_08,1.0905663945249477,4.0757709508227546e-17,1.0,74
363,T_coh_LF_06,0.525848166677942,-2.173744507105469e-16,1.0000000000000002,110
364,T_coh_LF_07,0.5592119739317349,8.151541901645509e-17,1.0000000000000002,114
365,T_coh_LF_08,0.6862095569370095,-5.4343612677636724e-17,1.0,95
366,T_coh_MF_06,0.8405993361473052,2.98889869727002e-16,1.0000000000000002,53
367,T_coh_MF_07,0.8386427724692649,7.47224674317505e-17,1.0000000000000002,55
368,T_coh_MF_08,0.8494225464948088,-6.7929515847045904e-18,1.0,51
369,T_coh_RF_06,0.8282034617478663,7.47224674317505e-17,1.0,106
370,T_coh_RF_07,0.8707670649890983,-8.151541901645509e-17,1.0,92
371,T_coh_RF_08,0.9514817081914116,7.47224674317505e-17,1.0,68
372,T_coh_LT_06,0.5055062783346398,6.792951584704591e-17,1.0,63
373,T_coh_LT_07,0.6940994598746948,9.510132218586428e-17,1.0,45
374,T_coh_LT_08,0.9349278440334885,-2.7171806338818362e-17,1.0,25
375,T_coh_RT_06,0.8295146554046338,0.0,1.0,92
376,T_coh_RT_07,0.8005965910291972,-1.6303083803291018e-16,1.0,86
377,T_coh_RT_08,0.6386622825689197,2.7171806338818362e-17,1.0,63
378,T_coh_LC_06,0.5837527616136338,1.49444934863501e-16,0.9999999999999998,112
379,T_coh_LC_07,0.7790656432681332,-3.1247577289641116e-16,1.0,105
380,T_coh_LC_08,0.9952632750756427,-1.3585903169409182e-16,1.0,85
381,T_coh_MC_06,0.7522072570142678,6.792951584704591e-17,1.0000000000000002,98
382,T_coh_MC_07,0.7068935502708933,-9.510132218586428e-17,1.0,100
383,T_coh_MC_08,0.8404547460848103,1.6303083803291018e-16,1.0000000000000002,87
384,T_coh_RC_06,0.6559887594383866,2.173744507105469e-16,1.0,110
385,T_coh_RC_07,0.6298682532402915,-2.309603538799561e-16,1.0,81
386,T_coh_RC_08,0.6614829132791921,8.151541901645509e-17,1.0,55
387,T_coh_LP_06,0.5589881827095612,3.3964757923522953e-16,0.9999999999999998,103
388,T_coh_LP_07,0.681939505127056,1.8340969278702395e-16,1.0,80
389,T_coh_LP_08,0.61233248716935,2.037885475411377e-16,1.0000000000000002,45
390,T_coh_MP_06,0.8182869755607352,-1.7661674120231937e-16,1.0000000000000002,94
391,T_coh_MP_07,0.719926885058918,2.2416740229525147e-16,0.9999999999999998,75
392,T_coh_MP_08,0.717173131486754,-9.510132218586428e-17,0.9999999999999998,52
393,T_coh_RP_06,0.7249339994774627,2.173744507105469e-16,1.0,107
394,T_coh_RP_07,0.6653938706573947,-7.13259916393982e-17,1.0000000000000002,75
395,T_coh_RP_08,0.5497673676657682,-6.792951584704591e-17,1.0,49
396,T_coh_LO_06,0.7025064536283032,0.0,1.0,81
397,T_coh_LO_07,0.8380200839446222,-2.037885475411377e-16,1.0,85
398,T_coh_LO_08,0.9346378662516517,1.3585903169409181e-17,0.9999999999999998,79
399,T_coh_MO_06,0.9734611470352077,-1.2227312852468263e-16,1.0,101
400,T_coh_MO_07,1.034085330808739,0.0,1.0,95
401,T_coh_MO_08,0.9045188579306327,-9.510132218586428e-17,1.0,78
402,T_coh_RO_06,0.769957622319632,2.5813216021877447e-16,1.0000000000000002,75
403,T_coh_RO_07,0.7109492580195229,3.3285462765052495e-16,1.0,82
404,T_coh_RO_08,0.5617069464993416,-2.2416740229525147e-16,1.0,77
405,A_coh_Fp_06,1.3693486600995055,1.3585903169409182e-16,1.0,88
406,A_coh_Fp_07,1.4127396205725615,-1.3585903169409182e-16,1.0,100
407,A_coh_Fp_08,1.188878566518166,8.151541901645509e-17,1.0000000000000002,91
408,A_coh_LF_06,1.1902565685031075,-7.064669648092775e-16,0.9999999999999998,96
409,A_coh_LF_07,1.4901742119534414,0.0,1.0,110
410,A_coh_LF_08,1.399478978621551,-2.7171806338818362e-17,1.0000000000000002,116
411,A_coh_MF_06,0.976265476708867,8.151541901645509e-17,1.0,39
412,A_coh_MF_07,1.1859895002939083,4.347489014210938e-16,0.9999999999999996,48
413,A_coh_MF_08,1.2599820798452255,5.4343612677636724e-17,1.0,55
414,A_coh_RF_06,1.0705683026887318,-9.510132218586428e-17,1.0,118
415,A_coh_RF_07,1.2583487195116534,-1.0189427377056886e-17,1.0,126
416,A_coh_RF_08,1.0891768347721944,3.3964757923522954e-17,0.9999999999999998,115
417,A_coh_LT_06,0.8145368301400362,1.0868722535527345e-16,1.0000000000000002,108
418,A_coh_LT_07,0.622239306023783,8.151541901645509e-17,0.9999999999999998,84
419,A_coh_LT_08,0.7566327198844756,1.3585903169409181e-17,1.0,41
420,A_coh_RT_06,1.1360955017580303,8.966696091810059e-16,1.0,85
421,A_coh_RT_07,1.4220944185599198,-5.298502236069581e-16,1.0,100
422,A_coh_RT_08,1.019576207846433,0.0,0.9999999999999996,98
423,A_coh_LC_06,1.036664617780663,4.347489014210938e-16,1.0,89
424,A_coh_LC_07,1.0628068032280766,1.0868722535527345e-16,1.0,103
425,A_coh_LC_08,1.1465908151401378,-2.98889869727002e-16,1.0,104
426,A_coh_MC_06,1.4980400037851462,-8.559118996727784e-16,1.0,81
427,A_coh_MC_07,1.2860952565056745,-2.7171806338818363e-16,0.9999999999999998,98
428,A_coh_MC_08,1.1400845509591613,-5.97779739454004e-16,1.0000000000000002,108
429,A_coh_RC_06,1.096356106679742,-3.1247577289641116e-16,1.0,117
430,A_coh_RC_07,1.0462521463089243,1.7661674120231937e-16,1.0,136
431,A_coh_RC_08,1.060521774988734,-3.1247577289641116e-16,0.9999999999999998,111
432,A_coh_LP_06,1.1227441524969872,6.249515457928223e-16,1.0,126
433,A_coh_LP_07,0.8249860602959854,8.151541901645509e-17,0.9999999999999998,135
434,A_coh_LP_08,0.7271398996636267,-5.4343612677636724e-17,1.0,110
435,A_coh_MP_06,1.0699511127240708,2.7171806338818362e-17,1.0,94
436,A_coh_MP_07,1.1600740780584946,-2.7171806338818362e-17,1.0,104
437,A_coh_MP_08,0.7721545260150341,-2.7171806338818362e-17,0.9999999999999998,96
438,A_coh_RP_06,0.7233356343264791,1.7661674120231937e-16,1.0,130
439,A_coh_RP_07,0.8895556882702202,-1.7661674120231937e-16,0.9999999999999996,136
440,A_coh_RP_08,0.987236529697457,-2.7171806338818362e-17,0.9999999999999996,103
441,A_coh_LO_06,1.1934650790897825,1.6303083803291017e-15,1.0,56
442,A_coh_LO_07,1.1838623869673186,-3.804052887434571e-16,1.0,75
443,A_coh_LO_08,1.2196518860271683,5.434361267763673e-16,0.9999999999999998,85
444,A_coh_MO_06,0.9852981429718052,-2.173744507105469e-16,1.0,78
445,A_coh_MO_07,1.4048309637341216,2.4454625704936526e-16,1.0000000000000002,95
446,A_coh_MO_08,1.4082530069107884,-2.173744507105469e-16,1.0,96
447,A_coh_RO_06,1.1983684012432914,1.0053568345362794e-15,0.9999999999999998,64
448,A_coh_RO_07,1.1536917168750396,-1.0868722535527345e-16,1.0,77
449,A_coh_RO_08,1.2109825051009513,-7.336387711480958e-16,1.0,84
450,B_coh_Fp_06,0.8576956450441124,-1.49444934863501e-16,1.0,69
451,B_coh_Fp_07,1.001128657287175,-1.6303083803291018e-16,1.0,44
452,B_coh_Fp_08,0.8385310819551242,0.0,1.0,16
453,B_coh_LF_06,0.843234229733631,1.0868722535527345e-16,1.0,90
454,B_coh_LF_07,0.8786390102535276,-1.0868722535527345e-16,0.9999999999999998,73
455,B_coh_LF_08,0.7894742556500206,8.151541901645509e-17,1.0,42
456,B_coh_MF_06,0.8569085263269183,2.309603538799561e-16,1.0,49
457,B_coh_MF_07,0.9100843619683671,5.4343612677636724e-17,1.0,48
458,B_coh_MF_08,0.8044692170263117,1.0868722535527345e-16,1.0,33
459,B_coh_RF_06,0.9675373673817725,-1.0868722535527345e-16,1.0,73
460,B_coh_RF_07,1.198377533193409,8.151541901645509e-17,1.0,53
461,B_coh_RF_08,1.2321193688274177,-2.7171806338818362e-17,1.0,25
462,B_coh_LT_06,0.8974732555389953,2.7171806338818362e-17,1.0,25
463,B_coh_LT_07,1.0569763126653517,3.3964757923522954e-17,1.0,14
464,B_coh_LT_08,0.6742156605560665,2.0378854754113773e-17,0.9999999999999996,6
465,B_coh_RT_06,0.6641200934914616,5.026784172681397e-16,1.0,67
466,B_coh_RT_07,0.6683706637905263,5.4343612677636724e-17,0.9999999999999998,47
467,B_coh_RT_08,0.7888611435573017,-8.830837060115968e-17,1.0,25
468,B_coh_LC_06,0.9980211373125728,-1.9020264437172855e-16,0.9999999999999996,85
469,B_coh_LC_07,0.9542162378584217,-1.0868722535527345e-16,0.9999999999999996,71
470,B_coh_LC_08,0.7244209128089064,2.7171806338818362e-17,0.9999999999999998,38
471,B_coh_MC_06,0.8994770691437664,7.336387711480958e-16,1.0,90
472,B_coh_MC_07,0.8672166393717092,5.4343612677636724e-17,1.0,70
473,B_coh_MC_08,0.7114374614943008,5.4343612677636724e-17,1.0,42
474,B_coh_RC_06,0.7329933445353101,3.2606167606582037e-16,1.0000000000000002,74
475,B_coh_RC_07,1.0494418351519876,-8.151541901645509e-17,0.9999999999999998,49
476,B_coh_RC_08,1.012109161773027,-8.151541901645509e-17,1.0,27
477,B_coh_LP_06,0.8993451244017066,2.7171806338818362e-17,1.0,48
478,B_coh_LP_07,0.9972123513274747,1.3585903169409182e-16,1.0,26
479,B_coh_LP_08,1.1371580592496082,-4.0757709508227546e-17,1.0,12
480,B_coh_MP_06,0.752675235570938,1.0868722535527345e-16,1.0,51
481,B_coh_MP_07,0.9850740699619731,-3.3964757923522954e-17,1.0,30
482,B_coh_MP_08,0.7607163306941753,1.7661674120231937e-16,1.0,9
483,B_coh_RP_06,0.8885393291255678,-1.6303083803291018e-16,1.0,51
484,B_coh_RP_07,0.7552027503847981,1.6303083803291018e-16,1.0,30
485,B_coh_RP_08,0.5870922874061558,-8.151541901645509e-17,1.0,17
486,B_coh_LO_06,0.8479977789389344,-1.3585903169409182e-16,1.0,71
487,B_coh_LO_07,0.8691533903212905,2.4454625704936526e-16,0.9999999999999998,61
488,B_coh_LO_08,0.7888406339732799,-1.3585903169409182e-16,0.9999999999999998,35
489,B_coh_MO_06,1.0229454719333153,1.0868722535527345e-16,1.0,79
490,B_coh_MO_07,1.1226688940035943,0.0,1.0,70
491,B_coh_MO_08,1.0180572333142928,1.0868722535527345e-16,0.9999999999999998,38
492,B_coh_RO_06,1.0418442405056072,6.7929515847045905e-16,1.0,72
493,B_coh_RO_07,0.7154870637072316,-1.3585903169409182e-16,1.0000000000000002,67
494,B_coh_RO_08,0.9318430341374473,-8.151541901645509e-17,1.0,36
495,G_coh_Fp_06,0.5822436350438162,-1.7661674120231937e-16,1.0,26
496,G_coh_Fp_07,0.8227687450663186,2.7171806338818363e-16,1.0000000000000004,16
497,G_coh_Fp_08,0.34570190514683774,-6.7929515847045904e-18,0.9999999999999998,8
498,G_coh_LF_06,0.5198588939568171,-8.151541901645509e-17,1.0,31
499,G_coh_LF_07,0.6296401527673666,-5.4343612677636724e-17,0.9999999999999998,16
500,G_coh_LF_08,0.7548413277775786,-8.151541901645509e-17,1.0,7
501,G_coh_MF_06,0.8338441861313145,4.0757709508227546e-17,1.0,26
502,G_coh_MF_07,1.0330897301041273,5.4343612677636724e-17,1.0,16
503,G_coh_MF_08,1.3232086145819062,5.4343612677636724e-17,1.0,6
504,G_coh_RF_06,1.2496711057168703,0.0,1.0,45
505,G_coh_RF_07,1.2615365264934577,0.0,1.0,27
506,G_coh_RF_08,1.289764356910981,-1.0868722535527345e-16,1.0,16
507,G_coh_LT_06,0.8079792390266223,8.151541901645509e-17,1.0000000000000002,13
508,G_coh_LT_07,0.8940087936162024,-8.151541901645509e-17,1.0,7
509,G_coh_LT_08,1.432680135549415,1.3585903169409181e-17,1.0,3
510,G_coh_RT_06,1.1954483378003653,-5.4343612677636724e-17,0.9999999999999998,31
511,G_coh_RT_07,1.4575863570850367,1.0868722535527345e-16,1.0,15
512,G_coh_RT_08,1.496855807171866,5.4343612677636724e-17,0.9999999999999998,9
513,G_coh_LC_06,0.5713125536311384,-1.6303083803291018e-16,1.0,20
514,G_coh_LC_07,0.8177181467434245,-8.151541901645509e-17,1.0,9
515,G_coh_LC_08,0.5714377176643095,2.7171806338818362e-17,1.0,6
516,G_coh_MC_06,1.144083296210467,0.0,1.0,39
517,G_coh_MC_07,1.3750185071377201,1.0868722535527345e-16,0.9999999999999996,25
518,G_coh_MC_08,1.2522732013531557,-1.0868722535527345e-16,1.0000000000000002,6
519,G_coh_RC_06,1.3401486828996665,1.3585903169409182e-16,1.0,51
520,G_coh_RC_07,1.2332255244156323,-1.9020264437172855e-16,1.0,38
521,G_coh_RC_08,1.3407783759257939,5.4343612677636724e-17,1.0,20
522,G_coh_LP_06,0.6511323127221855,1.0868722535527345e-16,1.0,19
523,G_coh_LP_07,0.6109435434735725,5.4343612677636724e-17,1.0,14
524,G_coh_LP_08,1.0601187269527292,-5.4343612677636724e-17,0.9999999999999998,7
525,G_coh_MP_06,0.6776394668535023,0.0,1.0,22
526,G_coh_MP_07,0.9200690344493523,-2.7171806338818362e-17,1.0,11
527,G_coh_MP_08,0.9219883588349236,0.0,0.9999999999999998,4
528,G_coh_RP_06,1.110066577078931,1.0868722535527345e-16,1.0000000000000002,35
529,G_coh_RP_07,0.7697138300414629,3.9399119191286626e-16,0.9999999999999998,22
530,G_coh_RP_08,1.570605370652818,-1.0868722535527345e-16,0.9999999999999993,10
531,G_coh_LO_06,0.4909233683376655,-3.2606167606582037e-16,0.9999999999999998,19
532,G_coh_LO_07,0.6947795961132126,6.860881100551637e-16,0.9999999999999998,14
533,G_coh_LO_08,0.833277709477735,-1.2906608010938724e-16,0.9999999999999998,11
534,G_coh_MO_06,1.1235307235733156,-1.7661674120231937e-16,0.9999999999999998,39
535,G_coh_MO_07,0.8095309128752005,1.49444934863501e-16,1.0000000000000002,22
536,G_coh_MO_08,0.6798039697247643,-8.151541901645509e-17,1.0,10
537,G_coh_RO_06,0.46892691132388437,1.3585903169409181e-17,1.0,25
538,G_coh_RO_07,0.3895829074711554,-3.804052887434571e-16,1.0,13
539,G_coh_RO_08,0.9671073398364767,1.4859581591541293e-16,1.0,7
540,D_plv_Fp_06,0.42979889064920196,-4.890925140987305e-16,0.9999999999999998,91
541,D_plv_Fp_07,0.5768682441330655,-1.9020264437172855e-16,1.0,93
542,D_plv_Fp_08,0.6753816173322642,-2.98889869727002e-16,1.0,89
543,D_plv_LF_06,0.34023127862387553,2.309603538799561e-16,1.0,94
544,D_plv_LF_07,0.46415745072321873,-2.7171806338818362e-17,1.0000000000000002,94
545,D_plv_LF_08,0.5227080390817115,1.2227312852468263e-16,1.0,92
546,D_plv_MF_06,0.22962042622552095,-2.7171806338818362e-17,1.0,56
547,D_plv_MF_07,0.19403434216135917,1.0868722535527345e-16,1.0,61
548,D_plv_MF_08,0.18241215719624607,-2.4454625704936526e-16,1.0,64
549,D_plv_RF_06,0.4270593426282325,0.0,0.9999999999999998,99
550,D_plv_RF_07,0.3716509392934581,-1.0868722535527345e-16,0.9999999999999998,93
551,D_plv_RF_08,0.5496701755143661,-1.3585903169409182e-16,1.0,90
552,D_plv_LT_06,0.1862634476821654,6.317444973775269e-16,1.0,90
553,D_plv_LT_07,0.27101070187903514,-2.5473568442642216e-16,1.0,83
554,D_plv_LT_08,0.22067366437657485,-8.830837060115968e-17,1.0,79
555,D_plv_RT_06,0.3802330641606674,-1.3585903169409181e-17,1.0,86
556,D_plv_RT_07,0.38266854555981783,0.0,1.0,81
557,D_plv_RT_08,0.3981530192640556,3.1247577289641116e-16,1.0,77
558,D_plv_LC_06,0.4550724651234168,0.0,1.0,113
559,D_plv_LC_07,0.3916092915790944,-2.7171806338818362e-17,1.0000000000000002,110
560,D_plv_LC_08,0.19820869442600647,4.347489014210938e-16,1.0,105
561,D_plv_MC_06,0.34911324931408955,-3.3964757923522953e-16,1.0,98
562,D_plv_MC_07,0.1700551560795565,5.026784172681397e-16,1.0,107
563,D_plv_MC_08,0.21966224258904177,8.151541901645509e-17,1.0,108
564,D_plv_RC_06,0.2733688748635,5.4343612677636724e-17,1.0000000000000002,114
565,D_plv_RC_07,0.32391134363958496,1.49444934863501e-16,1.0,106
566,D_plv_RC_08,0.294681449549342,4.890925140987305e-16,1.0000000000000002,99
567,D_plv_LP_06,0.17748957320204184,-2.4454625704936526e-16,1.0000000000000002,108
568,D_plv_LP_07,0.1592106328330243,5.706079331151856e-16,1.0,111
569,D_plv_LP_08,0.21002383989768994,-1.9020264437172855e-16,1.0,109
570,D_plv_MP_06,0.25427061334994405,-8.151541901645509e-17,1.0,79
571,D_plv_MP_07,0.17636680124901796,-8.151541901645509e-17,1.0,85
572,D_plv_MP_08,0.14217467816120133,2.037885475411377e-16,1.0,87
573,D_plv_RP_06,0.3477658047602145,2.4454625704936526e-16,1.0,110
574,D_plv_RP_07,0.1711638923192102,3.9399119191286626e-16,1.0,109
575,D_plv_RP_08,0.36441360705977394,9.510132218586428e-17,1.0,105
576,D_plv_LO_06,0.5699207579267966,2.4454625704936526e-16,1.0,94
577,D_plv_LO_07,0.48072770562749645,2.037885475411377e-16,1.0000000000000002,94
578,D_plv_LO_08,0.6017483045915025,1.49444934863501e-16,1.0000000000000002,90
579,D_plv_MO_06,0.48811205320420903,5.4343612677636724e-17,1.0,93
580,D_plv_MO_07,0.6812335951784266,-2.7171806338818362e-17,1.0000000000000002,97
581,D_plv_MO_08,0.6360267789107398,-2.7171806338818362e-17,1.0,91
582,D_plv_RO_06,0.25595248403829607,-1.6303083803291018e-16,1.0,82
583,D_plv_RO_07,0.2203625663833469,-4.0757709508227546e-17,1.0,85
584,D_plv_RO_08,0.16222770083748425,-1.7661674120231937e-16,1.0,87
585,T_plv_Fp_06,0.7256616383615383,1.1140440598915528e-15,1.0,48
586,T_plv_Fp_07,0.7656817966319382,-2.0650572817501958e-15,0.9999999999999998,60
587,T_plv_Fp_08,0.7542542465346189,5.4343612677636724e-17,1.0000000000000004,73
588,T_plv_LF_06,0.7599206699058779,-2.173744507105469e-16,1.0,71
589,T_plv_LF_07,0.8855593080879081,1.0868722535527345e-16,0.9999999999999998,89
590,T_plv_LF_08,0.787606373244418,-2.98889869727002e-16,0.9999999999999998,100
591,T_plv_MF_06,0.3792469423290635,9.78185028197461e-16,1.0,33
592,T_plv_MF_07,0.6152566998832225,-5.434361267763673e-16,0.9999999999999998,37
593,T_plv_MF_08,0.5277644898888756,2.98889869727002e-16,1.0,41
594,T_plv_RF_06,0.8281255243267918,3.5323348240463873e-16,1.0,79
595,T_plv_RF_07,0.9049379315693341,2.7171806338818362e-17,1.0,95
596,T_plv_RF_08,0.8690102296388129,-2.173744507105469e-16,0.9999999999999996,107
597,T_plv_LT_06,0.6096944651904758,-8.151541901645509e-17,1.0,81
598,T_plv_LT_07,0.7194641807231593,-2.7171806338818362e-17,1.0,92
599,T_plv_LT_08,0.7506151827998186,1.6303083803291018e-16,1.0,100
600,T_plv_RT_06,0.590063865049711,2.391118957816016e-15,1.0,46
601,T_plv_RT_07,0.4896960191209355,-2.7171806338818362e-17,1.0,55
602,T_plv_RT_08,0.5825957029479204,-5.4343612677636724e-17,1.0,71
603,T_plv_LC_06,0.654493975106212,-1.9020264437172855e-16,1.0,63
604,T_plv_LC_07,0.48477138076318854,-1.4944493486350099e-15,1.0000000000000002,78
605,T_plv_LC_08,0.5752125091202697,-1.1412158662303712e-15,1.0,92
606,T_plv_MC_06,0.6411189050824297,-1.7118237993455568e-15,1.0,65
607,T_plv_MC_07,0.5471734958550579,4.619207077599122e-16,0.9999999999999998,78
608,T_plv_MC_08,0.7068951938731375,-4.890925140987305e-16,1.0,88
609,T_plv_RC_06,0.7654345813679354,-5.4343612677636724e-17,1.0,86
610,T_plv_RC_07,0.7849627415632706,-1.9020264437172855e-16,0.9999999999999998,104
611,T_plv_RC_08,0.6367107242199637,-2.7171806338818363e-16,0.9999999999999998,120
612,T_plv_LP_06,0.7535938355501771,-6.792951584704591e-17,1.0,81
613,T_plv_LP_07,0.9080207779454511,8.151541901645509e-17,1.0,96
614,T_plv_LP_08,0.833333422549601,-2.309603538799561e-16,1.0,108
615,T_plv_MP_06,0.6570286721153527,4.890925140987305e-16,1.0,61
616,T_plv_MP_07,0.6147930217954981,-1.6303083803291018e-16,1.0,73
617,T_plv_MP_08,0.7331465440424569,0.0,1.0,83
618,T_plv_RP_06,0.7427396018360862,6.7929515847045905e-16,1.0,84
619,T_plv_RP_07,0.6643611575262569,-5.706079331151856e-16,1.0000000000000002,104
620,T_plv_RP_08,0.5278646701572371,-7.336387711480958e-16,0.9999999999999998,119
621,T_plv_LO_06,0.7754425367812354,3.5323348240463873e-16,0.9999999999999998,49
622,T_plv_LO_07,0.8125107348799846,-7.879823838257325e-16,1.0,58
623,T_plv_LO_08,0.8391484697836189,1.9020264437172855e-16,1.0,68
624,T_plv_MO_06,0.9697417754603429,-2.7171806338818362e-17,1.0,59
625,T_plv_MO_07,1.033635647495048,-2.98889869727002e-16,1.0,72
626,T_plv_MO_08,1.0123515897426565,2.7171806338818363e-16,1.0,79
627,T_plv_RO_06,0.7115073146575168,-9.917709313668703e-16,1.0,52
628,T_plv_RO_07,0.7483529098360517,9.78185028197461e-16,1.0,64
629,T_plv_RO_08,0.7871181774036176,-3.9399119191286626e-16,1.0,71
630,A_plv_Fp_06,0.8914639152795504,1.3314185106020998e-15,1.0,29
631,A_plv_Fp_07,0.7070325611013409,-3.2606167606582037e-16,1.0,40
632,A_plv_Fp_08,0.7880374863286846,7.608105774869142e-16,1.0,50
633,A_plv_LF_06,0.6259013218235714,-1.4401057359573733e-15,1.0,42
634,A_plv_LF_07,0.7767106823835231,1.195559478908008e-15,0.9999999999999996,52
635,A_plv_LF_08,0.7752577750105206,4.890925140987305e-16,1.0,64
636,A_plv_MF_06,0.9342863673958599,1.9291982500561036e-15,1.0,16
637,A_plv_MF_07,0.687865868034477,-2.98889869727002e-16,0.9999999999999998,20
638,A_plv_MF_08,0.7105672136651016,-8.151541901645508e-16,1.0,24
639,A_plv_RF_06,0.9082986266183389,8.015682869951417e-16,1.0,58
640,A_plv_RF_07,0.6847210470221363,4.890925140987305e-16,0.9999999999999998,72
641,A_plv_RF_08,0.8361206045840096,3.1247577289641116e-16,1.0,85
642,A_plv_LT_06,1.1304915335437073,-5.162643204375489e-16,1.0,67
643,A_plv_LT_07,0.9407705443230322,1.0868722535527345e-16,1.0,75
644,A_plv_LT_08,0.747974778114944,-1.3585903169409182e-16,0.9999999999999998,84
645,A_plv_RT_06,1.102816961253733,-3.1247577289641116e-16,1.0,43
646,A_plv_RT_07,0.9972973447088933,-4.890925140987305e-16,1.0000000000000002,55
647,A_plv_RT_08,0.9871827461920885,6.249515457928223e-16,1.0,71
648,A_plv_LC_06,0.9963064103308795,1.1548017693997804e-15,0.9999999999999998,48
649,A_plv_LC_07,0.8562868382348614,-3.804052887434571e-16,0.9999999999999998,57
650,A_plv_LC_08,0.9290087968649284,-2.98889869727002e-16,1.0,64
651,A_plv_MC_06,1.183495649112431,-2.608493408526563e-15,1.0,48
652,A_plv_MC_07,1.074753974613622,-1.0597004472139162e-15,1.0000000000000002,58
653,A_plv_MC_08,1.0815657866169857,-1.195559478908008e-15,1.0,65
654,A_plv_RC_06,0.6183393731900766,9.510132218586427e-16,1.0,56
655,A_plv_RC_07,0.5060674636701523,2.4454625704936526e-16,1.0,68
656,A_plv_RC_08,0.6126825533027068,4.347489014210938e-16,1.0,81
657,A_plv_LP_06,0.9609330233907234,2.7171806338818362e-17,1.0000000000000002,70
658,A_plv_LP_07,0.9758417240094369,-1.9020264437172855e-16,0.9999999999999998,88
659,A_plv_LP_08,0.6123795622207292,-2.98889869727002e-16,1.0,100
660,A_plv_MP_06,1.3455457608300994,-1.0868722535527345e-16,1.0,63
661,A_plv_MP_07,1.2529332315833295,-1.0868722535527345e-16,1.0,73
662,A_plv_MP_08,1.0071659746969273,2.98889869727002e-16,1.0,85
663,A_plv_RP_06,0.6627941083566942,-6.521233521316407e-16,1.0,74
664,A_plv_RP_07,0.43534924912210987,0.0,1.0,87
665,A_plv_RP_08,0.6544701935271554,8.287400933339601e-16,1.0,106
666,A_plv_LO_06,0.8772139968677625,-8.423259965033693e-16,1.0,22
667,A_plv_LO_07,0.6257111709200559,7.064669648092775e-16,1.0000000000000002,29
668,A_plv_LO_08,0.6745886651640898,-9.510132218586427e-16,1.0,36
669,A_plv_MO_06,0.6133120713180523,-1.0868722535527345e-16,1.0,29
670,A_plv_MO_07,0.6149448113901089,8.151541901645509e-17,0.9999999999999998,39
671,A_plv_MO_08,0.618005474064703,5.97779739454004e-16,1.0,50
672,A_plv_RO_06,0.5527283083817283,8.423259965033693e-16,1.0,31
673,A_plv_RO_07,0.5441206977645603,-9.238414155198244e-16,1.0,37
674,A_plv_RO_08,0.7611014644119796,8.423259965033693e-16,0.9999999999999998,45
675,B_plv_Fp_06,0.4054918596222935,-2.690008827543018e-15,1.0,44
676,B_plv_Fp_07,0.394443546969789,-7.472246743175049e-16,1.0,52
677,B_plv_Fp_08,0.5513509090062695,8.151541901645509e-17,1.0,61
678,B_plv_LF_06,0.5187073706571662,-1.3857621232797364e-15,0.9999999999999998,49
679,B_plv_LF_07,0.5735220095268274,-6.792951584704591e-17,1.0,59
680,B_plv_LF_08,0.6303837514655392,-5.298502236069581e-16,1.0,67
681,B_plv_MF_06,0.4600436960454981,-2.0650572817501958e-15,1.0,20
682,B_plv_MF_07,0.6649316288109387,2.4454625704936526e-16,1.0,25
683,B_plv_MF_08,0.6716619635637178,-4.483348045905029e-16,1.0,32
684,B_plv_RF_06,0.46338725714783635,-5.4343612677636724e-17,1.0,68
685,B_plv_RF_07,0.5882191600049008,2.7171806338818363e-16,0.9999999999999998,81
686,B_plv_RF_08,0.646435189733568,1.9020264437172855e-16,1.0,86
687,B_plv_LT_06,0.6521463108800949,3.192687244811158e-16,1.0,62
688,B_plv_LT_07,0.371328473392128,-2.275638780876038e-16,0.9999999999999996,74
689,B_plv_LT_08,0.5817417006969632,2.0718502333349002e-16,1.0,71
690,B_plv_RT_06,0.707671640443106,1.1480088178150759e-15,0.9999999999999998,50
691,B_plv_RT_07,0.7274690304672511,-5.026784172681397e-16,1.0,61
692,B_plv_RT_08,0.549084399969856,-2.2416740229525147e-16,1.0,71
693,B_plv_LC_06,0.6075091747532355,-7.743964806563234e-16,0.9999999999999998,53
694,B_plv_LC_07,0.6330453656893372,-1.046114544044507e-15,0.9999999999999998,69
695,B_plv_LC_08,0.6339972475711648,-9.238414155198244e-16,1.0,77
696,B_plv_MC_06,0.574071664537525,-2.04977314068461e-15,1.0,46
697,B_plv_MC_07,0.5691221020690751,-9.54409697650995e-16,1.0,56
698,B_plv_MC_08,0.5225566107242485,1.654932829823656e-15,1.0,67
699,B_plv_RC_06,0.505718381205356,1.5148282033891237e-15,1.0,62
700,B_plv_RC_07,0.5245323340649088,6.657092553010499e-16,1.0,76
701,B_plv_RC_08,0.5698590527284518,-4.890925140987305e-16,1.0,85
702,B_plv_LP_06,0.4278357871545558,7.472246743175049e-16,1.0000000000000002,70
703,B_plv_LP_07,0.29622987150528507,-3.192687244811158e-16,1.0,83
704,B_plv_LP_08,0.37119646285332963,1.3585903169409181e-17,1.0,88
705,B_plv_MP_06,0.6713839213389956,5.570220299457764e-16,1.0000000000000004,49
706,B_plv_MP_07,0.5783480722532152,-1.0868722535527345e-16,0.9999999999999996,58
707,B_plv_MP_08,0.42937727985570706,-3.804052887434571e-16,1.0000000000000002,69
708,B_plv_RP_06,0.82800212215748,-4.890925140987305e-16,1.0,67
709,B_plv_RP_07,0.7890910401772177,4.483348045905029e-16,1.0,80
710,B_plv_RP_08,0.7838206779548307,9.849779797821656e-16,1.0,91
711,B_plv_LO_06,0.5255522515132773,-3.056828213117066e-16,1.0000000000000002,38
712,B_plv_LO_07,0.5895534886365206,1.2634889947550539e-15,1.0,49
713,B_plv_LO_08,0.5590875612634311,-1.49444934863501e-16,1.0,59
714,B_plv_MO_06,0.6198154911996359,-7.064669648092775e-16,1.0,38
715,B_plv_MO_07,0.7168543906456283,-4.075770950822754e-16,1.0,46
716,B_plv_MO_08,0.6217747619077572,1.49444934863501e-16,1.0,56
717,B_plv_RO_06,0.5784984856416788,-4.0418061928992316e-16,1.0,32
718,B_plv_RO_07,0.6074075638999656,1.691444944591443e-15,1.0,40
719,B_plv_RO_08,0.7207462569812366,-4.551277561752076e-16,1.0,47
720,G_plv_Fp_06,0.3753998214208273,1.0529074956292115e-15,1.0,41
721,G_plv_Fp_07,0.33531168535764977,4.415418530057984e-16,1.0,47
722,G_plv_Fp_08,0.3514674135218778,8.796872302192445e-16,0.9999999999999998,49
723,G_plv_LF_06,0.219786926561546,-1.0868722535527345e-16,1.0,49
724,G_plv_LF_07,0.31642143320692395,4.890925140987305e-16,1.0,55
725,G_plv_LF_08,0.40798822450386524,1.0868722535527345e-16,1.0,63
726,G_plv_MF_06,0.4519570362098324,2.98889869727002e-16,0.9999999999999996,32
727,G_plv_MF_07,0.5247905887196113,4.619207077599122e-16,1.0,34
728,G_plv_MF_08,0.5773421485866295,-4.075770950822754e-16,0.9999999999999998,37
729,G_plv_RF_06,0.17919066137265902,-7.13259916393982e-16,0.9999999999999998,55
730,G_plv_RF_07,0.32197849734140455,4.347489014210938e-16,1.0,60
731,G_plv_RF_08,0.5050798358409653,1.426519832787964e-16,0.9999999999999998,59
732,G_plv_LT_06,0.46874477303567746,3.5323348240463873e-16,1.0,53
733,G_plv_LT_07,0.5029423744257552,-1.6303083803291018e-16,1.0,57
734,G_plv_LT_08,0.6041869959479559,-1.6303083803291018e-16,1.0,62
735,G_plv_RT_06,0.3104992367393356,-1.9699559595643313e-16,1.0,45
736,G_plv_RT_07,0.3659376362247001,1.209145382077417e-15,1.0,51
737,G_plv_RT_08,0.4960346556240418,1.9020264437172855e-16,0.9999999999999998,53
738,G_plv_LC_06,0.21667045796042006,-1.9835418627337406e-15,1.0,54
739,G_plv_LC_07,0.37791549620047404,9.510132218586427e-16,1.0000000000000004,57
740,G_plv_LC_08,0.4843222781532887,-1.6303083803291018e-16,1.0,64
741,G_plv_MC_06,0.5166088007627078,-1.9020264437172855e-16,1.0,57
742,G_plv_MC_07,0.5836604687067991,-6.7929515847045905e-16,0.9999999999999998,65
743,G_plv_MC_08,0.6605225955478203,1.1140440598915528e-15,0.9999999999999996,71
744,G_plv_RC_06,0.5009580672349045,-7.336387711480958e-16,1.0,61
745,G_plv_RC_07,0.6053008726680874,8.966696091810059e-16,1.0,67
746,G_plv_RC_08,0.6561382948986019,-7.064669648092775e-16,1.0,78
747,G_plv_LP_06,0.200445500965291,-1.9495771048102176e-15,1.0,55
748,G_plv_LP_07,0.20374799402076607,-4.2116299825168463e-16,1.0000000000000002,56
749,G_plv_LP_08,0.2561765085544524,-5.026784172681397e-16,1.0,57
750,G_plv_MP_06,0.2960380616346363,-2.7171806338818363e-16,1.0,45
751,G_plv_MP_07,0.3604877899642029,1.2227312852468263e-16,0.9999999999999996,49
752,G_plv_MP_08,0.42413256524548404,3.804052887434571e-16,1.0,59
753,G_plv_RP_06,0.5077201017582069,4.177665224593323e-16,1.0,57
754,G_plv_RP_07,0.34644733037819303,2.0990220396737184e-15,1.0,63
755,G_plv_RP_08,0.5685410682254445,-2.7171806338818362e-17,1.0,70
756,G_plv_LO_06,0.28874667515099706,1.1140440598915528e-15,1.0,36
757,G_plv_LO_07,0.2847923365482626,1.6846519930067385e-15,1.0,43
758,G_plv_LO_08,0.2569671720772698,8.694978028421876e-16,1.0000000000000002,47
759,G_plv_MO_06,0.29897472641732686,-9.510132218586427e-16,1.0000000000000002,36
760,G_plv_MO_07,0.46812133871556877,-2.7171806338818362e-17,1.0000000000000002,42
761,G_plv_MO_08,0.7103377514220597,7.608105774869142e-16,1.0,50
762,G_plv_RO_06,0.39507058205539336,-2.7171806338818363e-16,0.9999999999999998,40
763,G_plv_RO_07,0.4341443474079175,7.064669648092775e-16,1.0,46
764,G_plv_RO_08,0.3187156479188453,4.619207077599122e-16,1.0,48
